station_name,country,latitude,longitude,icp_program,measurements,active
Pipbäcken Nedre,SE,57.06621756,12.78971457,ICP Waters,runoff;soilwater;throughfall,1
Lange Bramke,DK,51.855,10.421,ICP Waters,runoff;lake chemistry,1
Pallas,FI,67.9667,24.1167,ICP Vegetation,vegetation,1
Myrberg,SE,66.04,20.3743,ICP Forests,soil;vegetation,1
Prague,CZ,50.1,14.6,ICP Materials,limestone recession;glass soiling,1
Kaspersky Hory,CZ,49.2,13.6,ICP Materials,limestone recession;glass soiling,0
Kopisty,CZ,50.6,13.6,ICP Materials,limestone recession;glass soiling,1
Espoo,FI,60.2,24.8,ICP Materials,limestone recession;glass soiling,0
Ähtäri,FI,62.6,24.2,ICP Materials,limestone recession;glass soiling,0
Helsinki-Vallila,FI,60.2,24.9,ICP Materials,limestone recession;glass soiling,0
Waldhof-Langenbrügge,DE,52.8,10.8,ICP Materials,limestone recession;glass soiling,0
Aschaffenburg,DE,50,9.2,ICP Materials,limestone recession;glass soiling,0
Langenfeld-Reusrath,DE,51.3,7,ICP Materials,limestone recession;glass soiling,0
Bottrop,DE,51.5,7,ICP Materials,limestone recession;glass soiling,1
Essen-Leithe,DE,51.5,7.2,ICP Materials,limestone recession;glass soiling,0
Garmisch-Partenkirchen,DE,47.5,11.1,ICP Materials,limestone recession;glass soiling,0
Rome,IT,41.9,12.5,ICP Materials,limestone recession;glass soiling,1
Casaccia,IT,42.1,12.3,ICP Materials,limestone recession;glass soiling,1
Milan,IT,45.5,9.2,ICP Materials,limestone recession;glass soiling,1
Venice,IT,45.5,12.3,ICP Materials,limestone recession;glass soiling,0
Vlaardingen,NL,51.9,4.3,ICP Materials,limestone recession;glass soiling,0
Eibergen,NL,52.1,6.6,ICP Materials,limestone recession;glass soiling,0
Vredepeel,NL,51.6,5.9,ICP Materials,limestone recession;glass soiling,0
Wijnandsrade,NL,50.9,5.9,ICP Materials,limestone recession;glass soiling,0
Oslo,NO,59.9,10.8,ICP Materials,limestone recession;glass soiling,1
Borregard,NO,59.3,11.1,ICP Materials,limestone recession;glass soiling,0
Birkenes,NO,58.4,8.3,ICP Materials,limestone recession;glass soiling,1
Stockholm,SE,59.3,18.1,ICP Materials,limestone recession;glass soiling,1
Stockholm Centre,SE,59.3,18.1,ICP Materials,limestone recession;glass soiling,0
Aspvreten,SE,58.8,17.4,ICP Materials,limestone recession;glass soiling,1
Lincoln Cathedral,GB,53.2,-0.5,ICP Materials,limestone recession;glass soiling,0
Wells Cathedral,GB,51.2,-2.7,ICP Materials,limestone recession;glass soiling,0
Clatteringshaws Loch,GB,55.1,-4.3,ICP Materials,limestone recession;glass soiling,0
Stoke Orchard,GB,52,-2.1,ICP Materials,limestone recession;glass soiling,0
Madrid,ES,40.4,-3.7,ICP Materials,limestone recession;glass soiling,1
Bilbao,ES,43.3,-3,ICP Materials,limestone recession;glass soiling,0
Toledo,ES,39.6,-4.4,ICP Materials,limestone recession;glass soiling,1
Moscow,RU,56,37,ICP Materials,limestone recession;glass soiling,0
Lahemaa,EE,59.5,25.9,ICP Materials,limestone recession;glass soiling,1
Lisbon,PT,38.7,-9.2,ICP Materials,limestone recession;glass soiling,0
Dorset,CA,45.2,-78.9,ICP Materials,limestone recession;glass soiling,0
Research Triangle Park,US,35.9,-78.9,ICP Materials,limestone recession;glass soiling,0
Steubenville,US,40.4,-80.7,ICP Materials,limestone recession;glass soiling,0
Paris,FR,48.9,2.4,ICP Materials,limestone recession;glass soiling,1
Berlin,GE,52.5,13.3,ICP Materials,limestone recession;glass soiling,1
Tel Aviv,IL,32.1,34.9,ICP Materials,limestone recession;glass soiling,0
Svanvik,NO,69.5,30,ICP Materials,limestone recession;glass soiling,1
Chaumont,CH,47,7,ICP Materials,limestone recession;glass soiling,1
London,GB,51.6,-0.1,ICP Materials,limestone recession;glass soiling,0
Los Angeles,US,34.1,-118.5,ICP Materials,limestone recession;glass soiling,0
Antwerpen,BE,51.2,4.4,ICP Materials,limestone recession;glass soiling,0
Katowice,PL,50.5,19,ICP Materials,limestone recession;glass soiling,1
Athens,GR,38,23.6,ICP Materials,limestone recession;glass soiling,1
Riga,LV,56.9,24.1,ICP Materials,limestone recession;glass soiling,0
Vienna,AT,48.2,16.3,ICP Materials,limestone recession;glass soiling,1
Sofia,BG,42.7,23.4,ICP Materials,limestone recession;glass soiling,0
Saint-Petersburg,RU,60,30.4,ICP Materials,limestone recession;glass soiling,0
Hämeenlinna,FI,61,24.5,ICP Materials,limestone recession;glass soiling,1
New Naven,US,41.3,-73,ICP Materials,limestone recession;glass soiling,1
Zilina,SK,49.2,18.8,ICP Materials,limestone recession;glass soiling,1
Split,HR,43.9,16.8,ICP Materials,limestone recession;glass soiling,1
Zagreb,HR,45.8,16,ICP Materials,limestone recession;glass soiling,1
Aghia Paraskevi,GR,38,23.8,ICP Materials,limestone recession;glass soiling,1
Zöbelboden,AT,47.842,14.442,ICP IM,air chemistry;meteorology;epiphytes;foliage chemistry;litterfall chemistry;precipitation chemistry;runoff water chemistry;stemflow;soilwater chemistry;throughfall chemistry;vegetation,1
Lago Nero,CH,46.449,8.539,ICP IM,air chemistry;meteorology;lakewater chemistry;precipitation chemistry;runoff water chemistry;soil chemistry;soilwater chemistry;vegetation,1
Anenske Povodi,CZ,49.583,15.083,ICP IM,air chemistry;meteorology;groundwater chemistry;precipitation chemistry;runoff water chemistry;soil chemistry;soilwater chemistry;throughfall chemistry,1
Lysina,CZ,50.05,12.667,ICP IM,air chemistry;aerial green algae;meteorology;birds;tree bioelements;foliage chemistry;groundwater chemistry;lakewater chemistry;litterfall chemistry;precipitation chemistry;runoff water chemistry;soil chemistry;soilwater chemistry;throughfall chemistry;vegetation,1
Forellenbach,DE,48.944,13.418,ICP IM,air chemistry;meteorology;birds;foliage chemistry;forest damage;groundwater chemistry;litterfall chemistry;microbial decomposition;precipitation chemistry;runoff water chemistry;soil chemistry;stemflow;soilwater chemistry;throughfall chemistry;vegetation;vegetation structure,1
Neuglobsow,DE,53.133,13.033,ICP IM,air chemistry;meteorology;foliage chemistry;groundwater chemistry;lakewater chemistry;litterfall chemistry;precipitation chemistry;soil chemistry;stemflow;soilwater chemistry;throughfall chemistry;vegetation,1
Vilsandi,EE,58.383,21.85,ICP IM,air chemistry;meteorology;epiphytes;foliage chemistry;forest damage;litterfall chemistry;microbial decomposition;metal chemistry mosses;precipitation chemistry;soil chemistry;stemflow;soilwater chemistry;throughfall chemistry,1
Saarejärve,EE,58.65,26.75,ICP IM,air chemistry;aerial green algae;meteorology;tree bioelements;epiphytes;foliage chemistry;forest damage;groundwater chemistry;litterfall chemistry;microbial decomposition;metal chemistry mosses;precipitation chemistry;runoff water chemistry;soil chemistry;stemflow;soilwater chemistry;throughfall chemistry,1
Bertiz,ES,43.15,-1.617,ICP IM,air chemistry;meteorology;foliage chemistry;forest damage;litterfall chemistry;precipitation chemistry;runoff water chemistry;soil chemistry;stemflow;soilwater chemistry;throughfall chemistry;vegetation;vegetation structure,1
Valkea-Kotinen,FI,61.237,25.061,ICP IM,air chemistry;meteorology;foliage chemistry;lakewater chemistry;litterfall chemistry;precipitation chemistry;runoff water chemistry;stemflow;soilwater chemistry;throughfall chemistry;vegetation,1
Hietajärvi,FI,63.151,30.679,ICP IM,air chemistry;meteorology;foliage chemistry;lakewater chemistry;litterfall chemistry;precipitation chemistry;runoff water chemistry;stemflow;soilwater chemistry;throughfall chemistry;vegetation,1
Pesosjärvi,FI,66.287,29.442,ICP IM,air chemistry;meteorology;foliage chemistry;lakewater chemistry;precipitation chemistry;runoff water chemistry;throughfall chemistry;vegetation,1
Vuoskojärvi,FI,69.734,26.938,ICP IM,meteorology;foliage chemistry;lakewater chemistry;precipitation chemistry;runoff water chemistry;vegetation,1
Pallasjärvi,FI,68.033,24.183,ICP IM,meteorology;foliage chemistry;lakewater chemistry;litterfall chemistry;precipitation chemistry;runoff water chemistry;soilwater chemistry;throughfall chemistry,1
Brackloon Wood,IE,53.767,-9.55,ICP IM,foliage chemistry;litterfall chemistry;precipitation chemistry;stemflow;soilwater chemistry;throughfall chemistry,1
Renon-Ritten,IT,46.588,11.434,ICP IM,air chemistry;meteorology;foliage chemistry;forest damage;litterfall chemistry;microbial decomposition;precipitation chemistry;runoff water chemistry;soil chemistry;stemflow;soilwater chemistry;throughfall chemistry;vegetation;vegetation structure,1
Monticolo-Montiggl,IT,46.426,11.297,ICP IM,meteorology;foliage chemistry;forest damage;litterfall chemistry;microbial decomposition;precipitation chemistry;soil chemistry;stemflow;soilwater chemistry;throughfall chemistry,1
Passo Lavaze,IT,46.36,11.495,ICP IM,air chemistry;meteorology;foliage chemistry;forest damage;precipitation chemistry;runoff water chemistry;stemflow;soilwater chemistry;throughfall chemistry;vegetation;vegetation structure,1
Pomarolo,IT,45.945,11.058,ICP IM,meteorology;forest damage;precipitation chemistry;stemflow;soilwater chemistry;throughfall chemistry,1
Selva Piana,IT,41.848,13.59,ICP IM,air chemistry;meteorology;foliage chemistry;forest damage;precipitation chemistry;stemflow;soilwater chemistry;throughfall chemistry;vegetation;vegetation structure,1
Piano Limina,IT,38.427,16.18,ICP IM,air chemistry;meteorology;foliage chemistry;forest damage;precipitation chemistry;stemflow;soilwater chemistry;throughfall chemistry;vegetation;vegetation structure,1
Carrega,IT,44.75,10.204,ICP IM,air chemistry;meteorology;foliage chemistry;forest damage;precipitation chemistry;runoff water chemistry;stemflow;soilwater chemistry;throughfall chemistry;vegetation;vegetation structure,1
Brasimone,IT,44.109,11.117,ICP IM,air chemistry;meteorology;foliage chemistry;forest damage;precipitation chemistry;runoff water chemistry;stemflow;soilwater chemistry;throughfall chemistry;vegetation structure,1
Monte Rufeno,IT,42.831,11.903,ICP IM,air chemistry;meteorology;foliage chemistry;forest damage;precipitation chemistry;runoff water chemistry;stemflow;soilwater chemistry;throughfall chemistry;vegetation;vegetation structure,1
Val Masino,IT,46.238,9.554,ICP IM,air chemistry;meteorology;foliage chemistry;forest damage;precipitation chemistry;soilwater chemistry;throughfall chemistry;vegetation;vegetation structure,1
Roti,IT,43.294,13.073,ICP IM,air chemistry;foliage chemistry;forest damage;precipitation chemistry;throughfall chemistry;vegetation;vegetation structure,1
Colognole,IT,43.509,10.439,ICP IM,air chemistry;meteorology;foliage chemistry;forest damage;precipitation chemistry;stemflow;throughfall chemistry;vegetation;vegetation structure,1
La Thuile,IT,45.724,6.932,ICP IM,air chemistry;meteorology;foliage chemistry;forest damage;precipitation chemistry;throughfall chemistry;vegetation structure,1
Aukstaitija,LT,55.441,26.074,ICP IM,air chemistry;aerial green algae;meteorology;epiphytes;foliage chemistry;forest damage;groundwater chemistry;litterfall chemistry;metal chemistry mosses;precipitation chemistry;runoff water chemistry;soil chemistry;soilwater chemistry;throughfall chemistry;vegetation;vegetation structure,1
Zemaitija,LT,56.028,21.876,ICP IM,air chemistry;aerial green algae;meteorology;epiphytes;foliage chemistry;forest damage;groundwater chemistry;litterfall chemistry;metal chemistry mosses;precipitation chemistry;runoff water chemistry;soil chemistry;soilwater chemistry;throughfall chemistry;vegetation;vegetation structure,1
Rucava,LV,56.2,21.117,ICP IM,air chemistry;aerial green algae;meteorology;epiphytes;foliage chemistry;forest damage;groundwater chemistry;litterfall chemistry;precipitation chemistry;runoff water chemistry;soil chemistry;stemflow;soilwater chemistry;throughfall chemistry;vegetation,1
Zoseni (Taurene),LV,57.167,25.683,ICP IM,air chemistry;aerial green algae;meteorology;epiphytes;foliage chemistry;forest damage;groundwater chemistry;litterfall chemistry;precipitation chemistry;runoff water chemistry;soil chemistry;stemflow;soilwater chemistry;throughfall chemistry;vegetation;vegetation structure,1
Birkenes,NO,58.383,8.25,ICP IM,air chemistry;meteorology;foliage chemistry;forest damage;litterfall chemistry;precipitation chemistry;runoff water chemistry;soilwater chemistry;throughfall chemistry;vegetation,1
Kårvatn,NO,62.783,8.883,ICP IM,air chemistry;foliage chemistry;forest damage;litterfall chemistry;precipitation chemistry;runoff water chemistry;soilwater chemistry;throughfall chemistry;vegetation,1
Langtjern,NO,60.361,9.741,ICP IM,air chemistry;foliage chemistry;litterfall chemistry;precipitation chemistry;runoff water chemistry;soilwater chemistry;throughfall chemistry,1
Puszcza Borecka,PL,54.123,22.053,ICP IM,air chemistry;meteorology;lakewater chemistry;litterfall chemistry;precipitation chemistry;soil chemistry;soilwater chemistry;throughfall chemistry;vegetation,1
Wigry,PL,54.052,23.027,ICP IM,air chemistry;meteorology;litterfall chemistry;precipitation chemistry;runoff water chemistry;soil chemistry;soilwater chemistry;throughfall chemistry;vegetation,1
Parsenta,PL,53.746,16.525,ICP IM,air chemistry;meteorology;litterfall chemistry;precipitation chemistry;runoff water chemistry;soilwater chemistry;throughfall chemistry,1
Pojezierze Chelminskie,PL,53.122,18.687,ICP IM,air chemistry;meteorology;precipitation chemistry;runoff water chemistry;soil chemistry,1
Kampinos,PL,52.285,20.527,ICP IM,air chemistry;meteorology;litterfall chemistry;precipitation chemistry;runoff water chemistry;soil chemistry;soilwater chemistry;throughfall chemistry;vegetation,1
Lysogory,PL,50.867,21.051,ICP IM,air chemistry;meteorology;litterfall chemistry;precipitation chemistry;runoff water chemistry;soilwater chemistry;throughfall chemistry;vegetation,1
Beskidy,PL,49.652,21.083,ICP IM,air chemistry;meteorology;litterfall chemistry;precipitation chemistry;runoff water chemistry;soilwater chemistry;throughfall chemistry;vegetation,1
Wolin,PL,53.959,14.523,ICP IM,air chemistry;meteorology;litterfall chemistry;precipitation chemistry;runoff water chemistry;soilwater chemistry;throughfall chemistry,1
Roztocze,PL,50.571,22.987,ICP IM,air chemistry;meteorology;litterfall chemistry;precipitation chemistry;runoff water chemistry;soilwater chemistry;throughfall chemistry;vegetation,1
Caucasus BR,RU,43.7,40.283,ICP IM,air chemistry,1
Oka-Terrace BR,RU,54.9,37.833,ICP IM,air chemistry;meteorology;forest damage;vegetation,1
Astrakhan BR,RU,46,47.833,ICP IM,air chemistry,1
Central Forest BR,RU,56.483,32.967,ICP IM,forest damage;vegetation,1
Voronezh BR,RU,51.9,39.6,ICP IM,air chemistry,1
Velikiy Island,RU,66.667,33,ICP IM,forest damage,1
Kursk,RU,51.333,36.15,ICP IM,forest damage,1
Gårdsjön F1,SE,58.054,12.021,ICP IM,air chemistry;aerial green algae;meteorology;tree bioelements;epiphytes;foliage chemistry;forest damage;groundwater chemistry;litterfall chemistry;microbial decomposition;precipitation chemistry;runoff water chemistry;soil chemistry;soilwater chemistry;throughfall chemistry;vegetation;vegetation structure,1
Aneboda,SE,57.115,14.554,ICP IM,air chemistry;aerial green algae;meteorology;tree bioelements;epiphytes;foliage chemistry;forest damage;groundwater chemistry;litterfall chemistry;microbial decomposition;precipitation chemistry;runoff water chemistry;soil chemistry;soilwater chemistry;throughfall chemistry;vegetation;vegetation structure,1
Kindla,SE,59.753,14.911,ICP IM,air chemistry;aerial green algae;meteorology;tree bioelements;epiphytes;foliage chemistry;forest damage;groundwater chemistry;litterfall chemistry;microbial decomposition;precipitation chemistry;runoff water chemistry;soil chemistry;soilwater chemistry;throughfall chemistry;vegetation;vegetation structure,1
Gammtratten,SE,63.855,18.115,ICP IM,air chemistry;aerial green algae;meteorology;tree bioelements;epiphytes;foliage chemistry;forest damage;groundwater chemistry;litterfall chemistry;microbial decomposition;precipitation chemistry;runoff water chemistry;soil chemistry;soilwater chemistry;throughfall chemistry;vegetation;vegetation structure,1
Abiskojaure,SE,68.29646,18.6185,ICP Waters,lake chemistry;lake benthic invertebrates,1
Abol Pond,US,45.8378,-68.9322,ICP Waters,lake chemistry,1
Achterste Goorven,NL,51.5647,5.2138,ICP Waters,lake chemistry,1
Adanys,CA,46.80556,-74.325,ICP Waters,lake chemistry,1
Afon Gwy,UK,52.4537,-3.73194,ICP Waters,river chemistry;river benthic invertebrates,1
Afon Hafren,UK,52.47549,-3.70518,ICP Waters,river chemistry;river benthic invertebrates,1
Allgjutten,SE,57.9504,16.08795,ICP Waters,lake chemistry;lake benthic invertebrates,1
Allt a Mharcaidh,UK,57.11898,-3.85139,ICP Waters,river chemistry;river benthic invertebrates,1
Allt na Coire nan Con,UK,56.75924,-5.61074,ICP Waters,river chemistry;river benthic invertebrates,1
Alsjön,SE,58.31397,12.5026,ICP Waters,lake chemistry,1
Alstern,SE,59.69443,13.89425,ICP Waters,lake chemistry,1
"Alsterån, Getebro",SE,57.00882,16.16218,ICP Waters,river chemistry,1
Amula mouth,LV,57.01405,22.64626,ICP Waters,river chemistry,1
Anderson Pond,US,44.6475,-68.0592,ICP Waters,lake chemistry,1
ANNIS LAKE,CA,44.3331,-64.8383,ICP Waters,lake chemistry,1
Arbutus Pond,US,43.9823,-74.23556,ICP Waters,lake chemistry,1
"Arpa river, 0.5 km above Jermuk town",AM,39.84305,45.68615,ICP Waters,river chemistry,1
Avalanche Lake,US,44.13056,-73.96983,ICP Waters,lake chemistry,1
BACK LAKE,CA,44.2931,-65.2678,ICP Waters,lake chemistry,1
Baldwin Creek,US,40.3514,-79.0511,ICP Waters,river chemistry,1
Barjasjavri,NO,69.56399,29.80594,ICP Waters,lake chemistry,1
Barnes Lake,US,43.56626,-75.22701,ICP Waters,lake chemistry,1
"Barta, Dukupji",LV,56.36444,21.21861,ICP Waters,river chemistry,1
Batizovské pleso,SK,49.15203,20.12988,ICP Waters,lake chemistry,1
"Bayerischer Wald, Grosse Ohe",DE,48.93727,13.41224,ICP Waters,river chemistry;river benthic invertebrates,1
"Bayerischer Wald, Hinterer Schachtenbach",DE,48.9388,13.41173,ICP Waters,river chemistry;river benthic invertebrates,1
"Bayerischer Wald, Rachelsee",DE,48.9715,13.403,ICP Waters,lake chemistry,1
"Bayerischer Wald, Seebach",DE,48.93881,13.41132,ICP Waters,river chemistry;river benthic invertebrates,1
"Bayerischer Wald, Vorderer Schachtenbach",DE,48.93871,13.41228,ICP Waters,river chemistry;river benthic invertebrates,1
Beaghs Burn,UK,55.10069,-6.15422,ICP Waters,river chemistry;river benthic invertebrates,1
Bean Pond,US,45.1272,-69.9781,ICP Waters,lake chemistry,1
Bearwallow Run,US,38.5349,-79.6347,ICP Waters,river chemistry,1
Beaver Pond,US,45.0056,-71.9417,ICP Waters,lake chemistry,1
Bekk fra Brynnesvatn,NO,58.57764,6.00185,ICP Waters,river benthic invertebrates,1
Bekk fra Kvernatjørn,NO,58.51465,5.82451,ICP Waters,river benthic invertebrates,1
Bekk v Eikeland,NO,58.5769,5.95713,ICP Waters,river benthic invertebrates,1
Bekk v Gravdal,NO,58.56743,5.94236,ICP Waters,river benthic invertebrates,1
Bekk v Gåsland,NO,58.57984,5.99456,ICP Waters,river benthic invertebrates,1
Bekk v Kløgetvedt,NO,58.59601,6.02891,ICP Waters,river benthic invertebrates,1
Bekk ved Byrkjeland,NO,61.57685,5.84297,ICP Waters,river benthic invertebrates,1
Bekk ved Espeland,NO,61.57484,5.90457,ICP Waters,river benthic invertebrates,1
Bekk ved Mjeld,NO,61.34558,6.32117,ICP Waters,river benthic invertebrates,1
Bekk ved Prestbotnseter,NO,59.59285,6.1161,ICP Waters,river benthic invertebrates,1
Bekk ved Roaldkvam,NO,59.5717,6.05277,ICP Waters,river benthic invertebrates,1
Bekk ved Vassenden,NO,59.55678,5.99693,ICP Waters,river benthic invertebrates,1
Beleu Lake,MD,45.5867,28.1528,ICP Waters,lake chemistry,1
Belfast Creek,US,37.5734,-79.4907,ICP Waters,river chemistry,1
Belle-Truite,CA,47.822,-70.59867,ICP Waters,lake chemistry,1
BEN LAKE,CA,44.3439,-65.3328,ICP Waters,lake chemistry,1
Bencrom River,UK,54.15595,-6.00252,ICP Waters,river chemistry;river benthic invertebrates,1
Benner Creek,US,40.9344,-78.0228,ICP Waters,river chemistry,1
Betarsjön,SE,63.73676,16.8474,ICP Waters,lake chemistry,1
BIG DAM EAST LAKE,CA,44.4533,-65.2686,ICP Waters,lake chemistry,1
BIG DAM WEST LAKE,CA,44.4608,-65.2939,ICP Waters,lake chemistry,1
Big Hope Pond,US,44.5136,-74.12673,ICP Waters,lake chemistry,1
Big Macks Creek (Lower),US,36.9583,-80.6597,ICP Waters,river chemistry,1
Big Moose Lake,US,43.81687,-74.85611,ICP Waters,lake chemistry,1
Big Mud,US,43.3139,-72.9305,ICP Waters,lake chemistry,1
BIG RED LAKE,CA,44.3494,-65.3828,ICP Waters,lake chemistry,1
Billingen,SE,59.52949,12.79438,ICP Waters,lake chemistry,1
BIRD LAKE,CA,43.9731,-65.9442,ICP Waters,lake chemistry,1
Birkenes,NO,58.38543,8.24172,ICP Waters,river chemistry,1
Biscuit Brook,US,41.9953,-74.5014,ICP Waters,river chemistry,1
Bjorvatn utløp,NO,58.50619,8.46654,ICP Waters,river benthic invertebrates,1
Bjørfarvatnet,NO,64.27788,10.98677,ICP Waters,lake chemistry,1
Black Pond,US,44.4391,-74.2939,ICP Waters,lake chemistry,1
Black Pond Stream,US,44.43219,-74.29813,ICP Waters,river chemistry,1
Black Run,US,38.509,-79.0653,ICP Waters,river chemistry,1
Blæjevatnet,NO,62.05147,5.7842,ICP Waters,lake chemistry,1
Bleriot,CA,46.52972,-76.74444,ICP Waters,lake chemistry,1
Blue Chalk Lake,CA,45.1999,-78.9432,ICP Waters,lake chemistry,1
Blue Lough,UK,54.15778,-5.96841,ICP Waters,lake chemistry;lake benthic invertebrates,1
Bodasjön,SE,59.26397,12.21215,ICP Waters,lake chemistry,1
Bog Pond,CA,48.49417,-54.13306,ICP Waters,lake chemistry,1
"Bohemian Forest, Cerne",CZ,49.18141,13.18662,ICP Waters,lake chemistry;lake benthic invertebrates,1
"Bohemian Forest, Certovo",CZ,49.16537,13.20027,ICP Waters,lake chemistry;lake benthic invertebrates,1
"Bohemian Forest, Laka",CZ,49.11178,13.32934,ICP Waters,lake chemistry;lake benthic invertebrates,1
"Bohemian Forest, Plesne",CZ,48.77781,13.86773,ICP Waters,lake chemistry;lake benthic invertebrates,1
"Bohemian Forest, Prasilske",CZ,49.07565,13.40143,ICP Waters,lake chemistry;lake benthic invertebrates,1
"Bohemian Forest, Zdarske",CZ,48.93484,13.65331,ICP Waters,lake chemistry,1
Boisvert,CA,46.75833,-74.04444,ICP Waters,lake chemistry,1
Botnavatnet ved Prestbotnseter,NO,59.59206,6.11552,ICP Waters,lake benthic invertebrates,1
Botnevatnet,NO,58.28605,6.49013,ICP Waters,lake chemistry,1
Botungen,SE,59.34839,12.7231,ICP Waters,lake chemistry,1
Bourn,US,43.1055,-73.0028,ICP Waters,lake chemistry,1
Bracey Pond,US,44.9625,-68.1222,ICP Waters,lake chemistry,1
Branch Pond,US,43.0811,-73.0186,ICP Waters,lake chemistry,1
Breidlivatnet,NO,59.97767,10.15204,ICP Waters,lake chemistry,1
Breidtjern,NO,59.12299,11.684,ICP Waters,lake chemistry,1
Breidtjern litoral,NO,59.11317,11.68098,ICP Waters,lake benthic invertebrates,1
Breidtjern utløp,NO,59.10992,11.68723,ICP Waters,river benthic invertebrates,1
BRENTON LAKE,CA,43.9611,-66.0692,ICP Waters,lake chemistry,1
Brokenback Run (Upper),US,38.5705,-78.3044,ICP Waters,river chemistry,1
Brook Trout Lake,US,43.5999,-74.66236,ICP Waters,lake chemistry,1
Brunnsjön,SE,56.59674,15.72542,ICP Waters,lake chemistry;lake benthic invertebrates,1
Brårvatn,NO,59.29492,7.72712,ICP Waters,lake chemistry,1
Brännträsket,SE,65.53394,21.40066,ICP Waters,lake chemistry,1
Bubb Lake Stream,US,43.78088,-74.85339,ICP Waters,river chemistry,1
Burnmoor Tarn,UK,54.43024,-3.25464,ICP Waters,lake chemistry;lake benthic invertebrates,1
"Burtnieku Lake, hydrosite",LV,57.71722,25.29611,ICP Waters,lake chemistry,1
Bysjön,SE,59.31243,12.34226,ICP Waters,lake chemistry,1
Bystrzanka,PL,49.63014,21.1183,ICP Waters,river chemistry,1
Bånevatn,NO,59.50484,7.1132,ICP Waters,lake chemistry,1
Båtevatn,NO,60.72836,5.51197,ICP Waters,lake chemistry,1
Bäen,SE,56.23693,14.38381,ICP Waters,lake chemistry,1
Bøelva ved Fimland,NO,61.58388,5.97217,ICP Waters,river benthic invertebrates,1
Carry Pond,US,43.68204,-74.48856,ICP Waters,lake chemistry,1
Cascade Lake,US,43.7891,-74.81204,ICP Waters,lake chemistry,1
Cascade Lake Stream,US,43.78369,-74.83659,ICP Waters,river chemistry,1
CEDAR LAKE,CA,44.0264,-66.1106,ICP Waters,lake chemistry,1
CHANNEL LAKE,CA,44.4256,-65.3097,ICP Waters,lake chemistry,1
Chatman,CA,48.49417,-53.98417,ICP Waters,lake chemistry,1
Chomeur,CA,47.83583,-72.20767,ICP Waters,lake chemistry,1
Chub Lake,CA,45.2138,-78.9836,ICP Waters,lake chemistry,1
"Clare, Doo, Mid Lake",IE,52.79176,-9.31516,ICP Waters,lake chemistry,1
"Clare, Naminna, Shore",IE,52.78393,-9.21472,ICP Waters,lake chemistry,1
Clear Pond,US,43.99568,-73.83082,ICP Waters,lake chemistry,1
COBRIELLE LAKE,CA,44.3164,-65.2328,ICP Waters,lake chemistry,1
Coneyglen Burn,UK,54.73953,-7.00702,ICP Waters,river chemistry;river benthic invertebrates,1
Congre,CA,47.69733,-72.02817,ICP Waters,lake chemistry,1
Constable Pond,US,43.83101,-74.80642,ICP Waters,lake chemistry,1
Constable Pond Stream,US,43.82509,-74.8385,ICP Waters,river chemistry,1
Cornelius Creek,US,37.5293,-79.5526,ICP Waters,river chemistry,1
Cove Branch,US,37.0531,-81.4348,ICP Waters,river chemistry,1
Cove Branch,US,37.5738,-80.1276,ICP Waters,river chemistry,1
Crabtree Creek,US,37.8505,-79.0784,ICP Waters,river chemistry,1
Crosson Lake,CA,45.084,-79.036,ICP Waters,lake chemistry,1
Crystal Pond,US,45.0308,-68.1931,ICP Waters,lake chemistry,1
Czarny Staw pod Rysami,PL,49.1888,20.0778,ICP Waters,lake chemistry,1
Dagarn,SE,59.90598,15.70174,ICP Waters,lake chemistry,1
Dalelv,NO,69.68474,30.38615,ICP Waters,river chemistry,1
Dalvatnet litoral,NO,69.69785,30.35858,ICP Waters,lake benthic invertebrates,1
Dalvatnet utløp,NO,69.69401,30.36773,ICP Waters,river benthic invertebrates,1
Daniel,CA,47.79183,-71.80517,ICP Waters,lake chemistry,1
Dargall Lane,UK,55.0782,-4.42894,ICP Waters,river chemistry;river benthic invertebrates,1
Dart Lake,US,43.79376,-74.87257,ICP Waters,lake chemistry,1
David,CA,46.30833,-75.58333,ICP Waters,lake chemistry,1
Deelense Was,NL,52.0928,5.85798,ICP Waters,lake chemistry,1
Deep Run,US,38.2796,-78.7639,ICP Waters,river chemistry,1
"Delångersån, Iggesund",SE,61.63785,17.08635,ICP Waters,river chemistry,1
desEnfers,CA,47.72333,-70.904,ICP Waters,lake chemistry,1
Dickie Lake,CA,45.151,-79.0876,ICP Waters,lake chemistry,1
Diepveen,NL,52.8185,6.43947,ICP Waters,lake chemistry,1
Dlugi Staw Gasienicowy,PL,49.22781,20.00884,ICP Waters,lake chemistry,1
Dlugie Wigierskie,PL,54.02595,23.02094,ICP Waters,lake chemistry,1
"Donegal, Barra, Mid Lake",IE,54.95439,-8.1016,ICP Waters,lake chemistry,1
"Donegal, Lough Veagh, Inflow 1",IE,55.01226,-8.00988,ICP Waters,river chemistry,1
"Donegal, Lough Veagh, Inflow 2",IE,55.02048,-7.98869,ICP Waters,river chemistry,1
"Donegal, Lough Veagh, Mid Lake",IE,55.04635,-7.95618,ICP Waters,lake chemistry,1
Drivenesvatn,NO,58.29261,7.93048,ICP Waters,lake chemistry,1
Duck Pond,US,44.7861,-68.1819,ICP Waters,lake chemistry,1
"East Branch Neversink, Headwater",US,41.9669,-74.4483,ICP Waters,river chemistry,1
East Copperas Pond,US,44.31384,-74.37335,ICP Waters,lake chemistry,1
East Fork Of Chestnut Creek (Lower),US,36.5705,-80.8553,ICP Waters,river chemistry,1
East Fork Of Chestnut Creek (Upper),US,36.5714,-80.8482,ICP Waters,river chemistry,1
Echtenerzand,NL,52.72236,6.38841,ICP Waters,lake chemistry,1
Eclair,CA,46.85556,-72.99722,ICP Waters,lake chemistry,1
Edasjön,SE,59.80186,17.89968,ICP Waters,lake chemistry,1
"Elbsandsteingebirge, Taubenbach",DE,50.83462,14.1296,ICP Waters,river chemistry;river benthic invertebrates,1
Elv fra Flotvatn,NO,59.58547,6.10387,ICP Waters,river benthic invertebrates,1
Elv ved Løfall,NO,61.31348,5.79481,ICP Waters,river benthic invertebrates,1
"Erzgebirge, Grosse Pyra",DE,50.41911,12.52552,ICP Waters,river chemistry;river benthic invertebrates,1
"Erzgebirge, Rote Pockau",DE,50.61596,13.19385,ICP Waters,river chemistry;river benthic invertebrates,1
"Erzgebirge, Wilde Weisseritz",DE,50.72571,13.70829,ICP Waters,river chemistry;river benthic invertebrates,1
"Erzgebirge, Wolfsbach",DE,50.319,12.13683,ICP Waters,river chemistry;river benthic invertebrates,1
Fagertärn,SE,58.76182,14.70056,ICP Waters,lake chemistry,1
Fallingwater Creek (Upper),US,37.4702,-79.5933,ICP Waters,river chemistry,1
Farstusjön,SE,56.53293,13.99648,ICP Waters,lake chemistry,1
Fauvette,CA,47.33889,-73.23333,ICP Waters,lake chemistry,1
"Fichtelgebirge, Eger",DE,50.08511,11.82918,ICP Waters,river chemistry;river benthic invertebrates,1
"Fichtelgebirge, Röslau",DE,50.04541,11.8995,ICP Waters,river chemistry;river benthic invertebrates,1
"Fichtelgebirge, Zinnbach",DE,50.00767,11.9,ICP Waters,river chemistry;river benthic invertebrates,1
Fiolen,SE,57.08376,14.53093,ICP Waters,lake chemistry;lake benthic invertebrates,1
Fjellgardsvatn ved Roaldskvam,NO,59.57074,6.05054,ICP Waters,lake benthic invertebrates,1
Fjellgardsvatnet litoral,NO,59.56583,6.02392,ICP Waters,lake benthic invertebrates,1
Fjärasjö,SE,57.60649,15.25663,ICP Waters,lake chemistry,1
Forester Pond,US,43.0817,-72.868,ICP Waters,lake chemistry,1
Fox Creek,US,36.6963,-81.5249,ICP Waters,river chemistry,1
Francina,CA,46.83889,-73.00833,ICP Waters,lake chemistry,1
FROZEN OCEAN LAKE,CA,44.4519,-65.3456,ICP Waters,lake chemistry,1
Fräcksjön,SE,58.15593,12.18196,ICP Waters,lake chemistry;lake benthic invertebrates,1
Fåglasjön,SE,56.11966,13.48793,ICP Waters,lake chemistry,1
Følvatnet,NO,69.25399,28.92774,ICP Waters,lake chemistry,1
G Lake,US,43.41862,-74.63616,ICP Waters,lake chemistry,1
"Galway, Bofin, Mid Lake",IE,53.43616,-9.44909,ICP Waters,lake chemistry,1
"Galway, Fadda, Mid Lake",IE,53.43937,-10.00347,ICP Waters,lake chemistry,1
"Galway, Lough Maumwee, Inflow 1",IE,53.47596,-9.54622,ICP Waters,river chemistry,1
"Galway, Lough Maumwee, Inflow 2",IE,53.48104,-9.54469,ICP Waters,river chemistry,1
"Galway, Lough Maumwee, Mid Lake",IE,53.47905,-9.54134,ICP Waters,lake chemistry,1
"Galway, Nahasleam, Shore",IE,53.43714,-9.54295,ICP Waters,lake chemistry,1
"Gargar river, Source of the river",AM,40.96196,44.43272,ICP Waters,river chemistry,1
Gaula ved Eldalosen,NO,61.33976,6.13091,ICP Waters,river benthic invertebrates,1
Gaula ved Grøneng,NO,61.42332,6.43753,ICP Waters,river benthic invertebrates,1
Gaula ved Lyngstadbotn,NO,61.32007,6.23297,ICP Waters,river benthic invertebrates,1
Gaula ved osen,NO,61.36959,5.68735,ICP Waters,river benthic invertebrates,1
Gaula ved Sande,NO,61.32682,5.80579,ICP Waters,river benthic invertebrates,1
Gaula ved Vik,NO,61.35396,6.12164,ICP Waters,river benthic invertebrates,1
"Geghi river, 0.5 km above Ajabaj town",AM,39.2548,46.07275,ICP Waters,river chemistry,1
GEORGE LAKE,CA,44.3403,-65.2206,ICP Waters,lake chemistry,1
Georges Creek,US,37.7576,-79.1299,ICP Waters,river chemistry,1
German River (Upper),US,38.6814,-79.0664,ICP Waters,river chemistry,1
Gerritsfles,NL,52.1598,5.818,ICP Waters,lake chemistry,1
Gipsjön,SE,60.65101,13.62198,ICP Waters,lake chemistry,1
Glebokie,PL,52.49668,15.54474,ICP Waters,lake chemistry,1
Glypstadvatnet,NO,58.48722,6.18838,ICP Waters,lake chemistry,1
Gosjön,SE,61.08618,16.94268,ICP Waters,lake chemistry,1
GRAFTON LAKE,CA,44.3858,-65.1775,ICP Waters,lake chemistry,1
Gransjön,SE,62.4622,16.68095,ICP Waters,lake chemistry,1
Grass Pond,US,43.69066,-75.06462,ICP Waters,lake chemistry,1
Grass Pond (3),US,44.65698,-74.49562,ICP Waters,lake chemistry,1
Gravdalsvatn innløp,NO,58.56559,5.93802,ICP Waters,river benthic invertebrates,1
Greasy Spring Branch,US,37.7878,-79.1541,ICP Waters,river chemistry,1
Grimdalsvatn,NO,58.74744,7.97185,ICP Waters,lake chemistry,1
Grissjön,SE,58.7685,15.14084,ICP Waters,lake chemistry,1
Groot Huisven,NL,51.5772,5.26197,ICP Waters,lake chemistry,1
Grosser Arbersee Lake,DE,49.09931,13.15425,ICP Waters,lake chemistry;lake benthic invertebrates,1
Grout Pond,US,43.0455,-72.9458,ICP Waters,lake chemistry,1
Grovlivatnet,NO,63.89958,10.1543,ICP Waters,lake chemistry,1
Grunnevatn,NO,58.38994,7.9703,ICP Waters,lake chemistry,1
Grytsjøen,NO,64.39078,12.08483,ICP Waters,lake chemistry,1
Gröningen,SE,59.62191,15.47195,ICP Waters,lake chemistry,1
Guys Run (Upper),US,37.9343,-79.4956,ICP Waters,river chemistry,1
Hagasjön,SE,57.33453,13.7123,ICP Waters,lake chemistry,1
Hardwood Pond,US,44.468,-72.5,ICP Waters,lake chemistry,1
Harp Lake,CA,45.3798,-79.1335,ICP Waters,lake chemistry,1
Harvey,CA,47.9185,-71.6375,ICP Waters,lake chemistry,1
"Harz, Lange Bramke",DE,51.85763,10.42298,ICP Waters,lake chemistry;lake benthic invertebrates,1
Haystack Pond,US,42.9167,-72.9167,ICP Waters,lake chemistry,1
Hazel River,US,38.6162,-78.2639,ICP Waters,river chemistry,1
Heart Lake,US,44.1805,-73.96726,ICP Waters,lake chemistry,1
Heddersvatn litoral,NO,59.83061,8.72461,ICP Waters,lake benthic invertebrates,1
Heddersvatn utløp,NO,59.82856,8.75385,ICP Waters,river benthic invertebrates,1
Heddersvatnet,NO,59.83261,8.73598,ICP Waters,lake chemistry,1
Heievatn,NO,58.63132,6.96932,ICP Waters,lake chemistry,1
Helgåa v Hytteby,NO,58.53098,5.8043,ICP Waters,river benthic invertebrates,1
Helgåa v riksvei,NO,58.52135,5.80063,ICP Waters,river benthic invertebrates,1
Helton Creek,US,36.643,-81.5707,ICP Waters,river chemistry,1
Heney Lake,CA,45.128,-79.103,ICP Waters,lake chemistry,1
High Falls Brook,US,41.9763,-74.5235,ICP Waters,river chemistry,1
HIGH LAKE,CA,44.3558,-65.2581,ICP Waters,lake chemistry,1
Hinnasjön,SE,56.88413,14.92338,ICP Waters,lake chemistry,1
HIRTLE LAKE,CA,44.4667,-64.75,ICP Waters,lake chemistry,1
Hirvilampi,FI,60.7054,27.9181,ICP Waters,lake chemistry,1
Holmsjøen,NO,61.1514,11.62363,ICP Waters,lake chemistry,1
Holmvatnet,NO,69.70644,29.72109,ICP Waters,lake chemistry,1
Holvatn,NO,59.10267,11.52546,ICP Waters,lake chemistry,1
Holvatn,NO,59.74283,11.57646,ICP Waters,lake chemistry,1
Homestadvatnet,NO,58.20392,7.44358,ICP Waters,lake chemistry,1
Homsevatn,NO,58.5632,5.86066,ICP Waters,lake chemistry,1
HOOPER LAKE,CA,45.0211,-62.0544,ICP Waters,lake chemistry,1
Howe Pond,US,42.7856,-72.9875,ICP Waters,lake chemistry,1
HUEY LAKE,CA,44.3906,-64.7333,ICP Waters,lake chemistry,1
Humsjön,SE,58.61876,14.48089,ICP Waters,lake chemistry,1
Hundevatn,NO,58.59264,8.54065,ICP Waters,lake chemistry,1
"Hunsrück, Gräfenbach",DE,49.93129,7.62659,ICP Waters,river chemistry;river benthic invertebrates,1
"Hunsrück, Traunbach 1",DE,49.71907,7.11528,ICP Waters,river chemistry;river benthic invertebrates,1
Hunting Creek,US,37.5329,-79.4649,ICP Waters,river chemistry,1
Hyelva,NO,61.56814,5.78314,ICP Waters,river benthic invertebrates,1
Hårklauvelvi,NO,61.40973,6.27971,ICP Waters,river benthic invertebrates,1
Hällsjön,SE,60.16027,15.73931,ICP Waters,lake chemistry,1
Hällvattnet,SE,63.50965,17.66738,ICP Waters,lake chemistry,1
Härsvatten,SE,58.02443,12.03316,ICP Waters,lake chemistry,1
Hökesjön,SE,57.64555,15.75823,ICP Waters,lake chemistry,1
Indian Lake,US,43.62286,-74.76075,ICP Waters,lake chemistry,1
Indre Espelandsvatnet,NO,58.3054,7.16017,ICP Waters,lake chemistry,1
Innløp Gjærvollstadvatn,NO,58.2098,6.79712,ICP Waters,river benthic invertebrates,1
Innløp Gjærvollstadvatn ovenfor bro,NO,58.20984,6.79703,ICP Waters,river benthic invertebrates,1
Innløp Gjærvollstadvatn ved oreskog,NO,58.2105,6.7967,ICP Waters,river benthic invertebrates,1
Innløp Saudlandsvatn,NO,58.20616,6.76068,ICP Waters,river benthic invertebrates,1
Innløp Saudlandsvatn eplehage,NO,58.20642,6.75998,ICP Waters,river benthic invertebrates,1
Innløp Saudlandsvatn kanal,NO,58.20634,6.75924,ICP Waters,river benthic invertebrates,1
Innløp Svodvatn,NO,61.60067,5.99002,ICP Waters,river benthic invertebrates,1
Inste Sørlivatn,NO,59.8721,5.41981,ICP Waters,lake chemistry,1
Isebakktjern,NO,59.34364,10.96963,ICP Waters,lake chemistry,1
Iselvi,NO,61.42009,6.37655,ICP Waters,river benthic invertebrates,1
Iso Hietajärvi,FI,63.1615,30.7103,ICP Waters,lake chemistry,1
Iso Lehmälampi,FI,60.3444,24.599,ICP Waters,lake chemistry,1
Iso-Hanhijärvi,FI,61.7991,24.2811,ICP Waters,lake chemistry,1
Iso-Soukka,FI,62.381,25.4449,ICP Waters,lake chemistry,1
Jamské pleso,SK,49.13301,20.01243,ICP Waters,lake chemistry,1
Jay Pond,CA,48.63667,-53.88417,ICP Waters,lake chemistry,1
Jegocin,PL,53.66453,21.69997,ICP Waters,lake chemistry,1
Jellison Hl Pd,US,44.8119,-68.4297,ICP Waters,lake chemistry,1
Jeremys Run,US,38.7158,-78.3816,ICP Waters,river chemistry,1
JESSE LAKE,CA,44.0331,-66.0081,ICP Waters,lake chemistry,1
Jockeybush Lake,US,43.30203,-74.58581,ICP Waters,lake chemistry,1
Jutsajaure,SE,67.04973,19.95743,ICP Waters,lake chemistry,1
Kakkisenlampi,FI,63.6565,29.9466,ICP Waters,lake chemistry,1
Kangasjärvi,FI,62.1662,22.0038,ICP Waters,lake chemistry,1
Kangastakunen,FI,61.6127,25.1221,ICP Waters,lake chemistry,1
Kapervatnet (Lille),NO,69.24361,17.31139,ICP Waters,lake chemistry,1
Kapervatnet litoral,NO,69.24328,17.41684,ICP Waters,lake benthic invertebrates,1
Kapervatnet utløp,NO,69.23915,17.43221,ICP Waters,river benthic invertebrates,1
"Karkonosze, Maly Stav",PL,50.74966,15.70076,ICP Waters,lake chemistry,1
Kattilajärvi,FI,60.3014,24.616,ICP Waters,lake chemistry,1
"Kaufunger Wald, Nieste 3",DE,51.28984,9.73975,ICP Waters,river chemistry;river benthic invertebrates,1
"Kaufunger Wald, Nieste 5",DE,51.302,9.61833,ICP Waters,river chemistry;river benthic invertebrates,1
KELLY LAKE,CA,45.0497,-62.3331,ICP Waters,lake chemistry,1
Kempesfles,NL,52.14415,5.79095,ICP Waters,lake chemistry,1
Kennedy Creek,US,37.9631,-79.0141,ICP Waters,river chemistry,1
"Kerry, Cam, Shore",IE,52.20432,-10.04932,ICP Waters,lake chemistry,1
"Kerry, Upper, Mid Lake",IE,51.97998,-9.59825,ICP Waters,lake chemistry,1
Kidney,CA,46.20833,-75.23333,ICP Waters,lake chemistry,1
KILLAM LAKE,CA,44.0006,-66.0819,ICP Waters,lake chemistry,1
Kjemåvatn,NO,66.75098,15.41024,ICP Waters,lake chemistry,1
Kjerrvatn,NO,68.078,16.034,ICP Waters,lake chemistry,1
Kleiner Arbersee Lake,DE,49.12555,13.11876,ICP Waters,lake chemistry;lake benthic invertebrates,1
Kleivsetvannet,NO,58.11956,7.6649,ICP Waters,lake chemistry,1
Kliplo,NL,52.8345,6.4384,ICP Waters,lake chemistry,1
Koverojärvi,FI,62.0178,23.9304,ICP Waters,lake chemistry,1
Krapsko Dlugie,PL,53.36651,16.60678,ICP Waters,lake chemistry,1
Kårvatn feltforskningsstasjon,NO,62.78288,8.89344,ICP Waters,river chemistry,1
Ladové pleso,SK,49.18409,20.16141,ICP Waters,lake chemistry,1
Laghetto d'Antabia,CH,46.38555,8.4921,ICP Waters,lake chemistry,1
Laghetto Gardiscio,CH,46.42777,8.75623,ICP Waters,lake chemistry,1
Laghetto Inferiore,CH,46.47611,8.59278,ICP Waters,lake chemistry;lake benthic invertebrates,1
Laghetto Superiore,CH,46.47611,8.58472,ICP Waters,lake chemistry;lake benthic invertebrates,1
Laghi dei Pozzöi,CH,46.26451,8.47127,ICP Waters,lake chemistry,1
Lago Barone,CH,46.40207,8.7517,ICP Waters,lake chemistry,1
Lago d'Alzasca,CH,46.26611,8.58472,ICP Waters,lake chemistry,1
Lago dei Porchieirsc,CH,46.37584,8.74424,ICP Waters,lake chemistry,1
Lago del Starlaresc da Sgiof,CH,46.27389,8.77361,ICP Waters,lake chemistry;lake benthic invertebrates,1
Lago della Capannina Leit,CH,46.46528,8.72133,ICP Waters,lake chemistry,1
Lago della Crosa,CH,46.371,8.4832,ICP Waters,lake chemistry,1
Lago della Froda,CH,46.43991,8.55806,ICP Waters,lake chemistry,1
Lago di Mognòla,CH,46.43033,8.68863,ICP Waters,lake chemistry,1
Lago di Morghirolo,CH,46.45071,8.71676,ICP Waters,lake chemistry,1
Lago di Sascòla,CH,46.28361,8.56972,ICP Waters,lake chemistry,1
Lago di Sfille,CH,46.2644,8.49607,ICP Waters,lake chemistry,1
Lago di Tomè,CH,46.36306,8.68972,ICP Waters,lake chemistry;lake benthic invertebrates,1
Lago d'Orsalìa,CH,46.33971,8.52336,ICP Waters,lake chemistry,1
Lago Nero,CH,46.44944,8.53944,ICP Waters,lake chemistry,1
Laguna Peñalara,ES,40.8394,-3.95711,ICP Waters,lake chemistry,1
Lake Capezzone,IT,45.9382,8.20948,ICP Waters,lake chemistry,1
Lake Colden,US,44.11938,-73.98261,ICP Waters,lake chemistry,1
Lake Gelato,IT,46.2486,8.44098,ICP Waters,lake chemistry,1
Lake Grande,IT,46.00131,8.0782,ICP Waters,lake chemistry,1
Lake Muino Superiore,IT,46.1807,8.4895,ICP Waters,lake chemistry,1
Lake Rondaxe,US,43.76088,-74.91592,ICP Waters,lake chemistry,1
Lake Variola Inferiore lungo,IT,46.17569,8.2169,ICP Waters,lake chemistry,1
Lake Variola Superiore,IT,46.17569,8.44098,ICP Waters,lake chemistry,1
Lampi 222,FI,69.4471,29.1036,ICP Waters,lake chemistry,1
Lampi 3/88,FI,69.4486,29.1382,ICP Waters,lake chemistry,1
Langevatn,NO,61.67025,5.17921,ICP Waters,lake chemistry,1
"Langtjern, utløp",NO,60.37246,9.72666,ICP Waters,lake chemistry,1
Langvann,NO,60.1072,10.75742,ICP Waters,lake chemistry,1
Langvatnet,NO,69.72311,30.18737,ICP Waters,lake chemistry,1
"Lauenburgische Seenplatte, Pinnsee",DE,53.63467,10.73783,ICP Waters,lake chemistry,1
Laurel Bed Creek,US,36.9731,-81.7848,ICP Waters,river chemistry,1
Laurel Bed Lake (Outlet),US,36.9541,-81.8135,ICP Waters,lake chemistry,1
Laurel Creek,US,37.3804,-80.5765,ICP Waters,river chemistry,1
Laurel Run,US,38.1653,-79.6709,ICP Waters,river chemistry,1
Laurel Run,US,37.9289,-79.4552,ICP Waters,river chemistry,1
Laurel Run (Upper),US,38.9049,-78.7308,ICP Waters,river chemistry,1
Laurent,CA,46.475,-74.2,ICP Waters,lake chemistry,1
Laxtjärnsbäcken,SE,65.7857,19.08766,ICP Waters,river chemistry;river benthic invertebrates,1
Lekuk Wielki,PL,54.12568,22.02665,ICP Waters,lake chemistry,1
Lemaine,CA,47.723,-71.76983,ICP Waters,lake chemistry,1
Lewis Fork,US,36.6893,-81.519,ICP Waters,river chemistry,1
Liasjön,SE,56.44846,13.99151,ICP Waters,lake chemistry,1
LIBERTY LAKE,CA,44.3856,-65.4267,ICP Waters,lake chemistry,1
"Liela Jugla, Zaki",LV,56.97143,24.48739,ICP Waters,river chemistry,1
Lille Hovvatn litoral,NO,58.60388,8.03744,ICP Waters,lake benthic invertebrates,1
Lille Hovvatn utløp,NO,58.60588,8.02959,ICP Waters,river benthic invertebrates,1
Lillesjö,SE,56.20497,14.5401,ICP Waters,lake chemistry,1
Lill-Fämtan,SE,60.84263,13.11955,ICP Waters,river chemistry;river benthic invertebrates,1
Lill-Jangen,SE,59.99315,13.3546,ICP Waters,lake chemistry,1
"Lily, Vermont",US,43.2342,-72.7514,ICP Waters,lake chemistry,1
Limekiln Lake,US,43.71301,-74.81246,ICP Waters,lake chemistry,1
Limmingsjön,SE,59.58888,14.50873,ICP Waters,lake chemistry,1
Linn Creek,US,40.144,-79.2103,ICP Waters,river chemistry,1
Litlaelvi oppstr. kalking,NO,59.54068,5.97635,ICP Waters,river benthic invertebrates,1
Litle Djupvatnet,NO,69.70925,30.60151,ICP Waters,lake chemistry,1
Little Clear Pond,US,44.66022,-74.49632,ICP Waters,lake chemistry,1
Little Cove Creek,US,37.726,-79.2,ICP Waters,river chemistry,1
Little Echo Pond,US,44.30576,-74.35721,ICP Waters,lake chemistry,1
Little Hope Pond,US,44.51709,-74.12604,ICP Waters,lake chemistry,1
Little Long Pond,US,44.6375,-68.0781,ICP Waters,lake chemistry,1
Little Pond,US,42.925,-73.0653,ICP Waters,lake chemistry,1
Little Simon Pond,US,44.16154,-74.4413,ICP Waters,lake chemistry,1
Little Stony Creek (Lower),US,38.9382,-78.6455,ICP Waters,river chemistry,1
Little Stony Creek (Upper),US,38.947,-78.6359,ICP Waters,river chemistry,1
Little Tumbling Creek,US,36.9714,-81.691,ICP Waters,river chemistry,1
LITTLE TUPPER LAKE,CA,44.4167,-64.9667,ICP Waters,lake chemistry,1
LITTLE WILES LAKE,CA,44.4,-64.6472,ICP Waters,lake chemistry,1
Little Wilson Creek,US,36.6367,-81.4715,ICP Waters,river chemistry,1
Little Wilson Creek,US,37.9824,-79.766,ICP Waters,river chemistry,1
Ljosvatnet,NO,58.41942,6.21091,ICP Waters,lake chemistry,1
LK GEORGE,CA,43.9994,-66.0542,ICP Waters,lake chemistry,1
Llyn Cwm Mynach,UK,52.793,-3.96087,ICP Waters,lake chemistry;lake benthic invertebrates,1
Llyn Llagi,UK,53.01529,-4.01632,ICP Waters,lake chemistry;lake benthic invertebrates,1
Loch Chon,UK,56.20398,-4.53514,ICP Waters,lake chemistry;lake benthic invertebrates,1
Loch Coire Fionnaraich,UK,57.49071,-5.42736,ICP Waters,lake chemistry;lake benthic invertebrates,1
Loch Coire nan Arr,UK,57.41564,-5.6476,ICP Waters,lake benthic invertebrates,1
Loch Grannoch,UK,55.01631,-4.27197,ICP Waters,lake chemistry;lake benthic invertebrates,1
Loch Tinker,UK,56.2273,-4.50495,ICP Waters,lake chemistry;lake benthic invertebrates,1
Lochnagar,UK,56.9617,-3.22979,ICP Waters,lake chemistry;lake benthic invertebrates,1
Lommabäcken Nedre,SE,58.69993,14.6398,ICP Waters,river chemistry;river benthic invertebrates,1
Lomstjørni litoral,NO,58.67767,6.08166,ICP Waters,lake benthic invertebrates,1
Lomstjørni utløp,NO,58.67242,6.08594,ICP Waters,river benthic invertebrates,1
Long Pond,US,43.83789,-74.47903,ICP Waters,lake chemistry,1
Long Waters,CA,48.45806,-54.05556,ICP Waters,lake chemistry,1
Loon Hollow Pond,US,43.9636,-75.04253,ICP Waters,lake chemistry,1
LOON LAKE,CA,44.3167,-65.1914,ICP Waters,lake chemistry,1
Lost Pond,US,43.64643,-74.56177,ICP Waters,lake chemistry,1
Lost Run,US,38.5367,-79.6335,ICP Waters,river chemistry,1
LOWER CORNING LAKE,CA,44.0503,-66.0828,ICP Waters,lake chemistry,1
Lunddalsvatnet,NO,62.81907,7.53225,ICP Waters,lake chemistry,1
Luomijärvi,FI,60.6981,27.1471,ICP Waters,lake chemistry,1
LUXTON LAKE,CA,44.3617,-65.3428,ICP Waters,lake chemistry,1
Lysina,CZ,50.03442,12.66943,ICP Waters,river chemistry;river benthic invertebrates,1
Långsjön,SE,60.73348,16.42971,ICP Waters,lake chemistry,1
m49007,CA,46.98333,-76.96667,ICP Waters,lake chemistry,1
m49083,CA,46.88333,-76.83333,ICP Waters,lake chemistry,1
m6740,CA,46.51667,-77.25,ICP Waters,lake chemistry,1
m6827,CA,46.98417,-78,ICP Waters,lake chemistry,1
m88188,CA,46.8,-77.40833,ICP Waters,lake chemistry,1
M90997,CA,47.30833,-72.38611,ICP Waters,lake chemistry,1
Madison Run (Upper),US,38.2515,-78.7471,ICP Waters,river chemistry,1
Maggia,CH,46.35444,8.63556,ICP Waters,river chemistry,1
Malé Hincovo pleso,SK,49.17398,20.05742,ICP Waters,lake chemistry,1
Marcy Dam Pond,US,44.15886,-73.9514,ICP Waters,lake chemistry,1
Mare Run,US,38.0196,-79.761,ICP Waters,river chemistry,1
Markhusdalsvatnet litoral,NO,60.89744,5.25212,ICP Waters,lake benthic invertebrates,1
Markhusdalsvatnet utløp,NO,60.88382,5.23741,ICP Waters,river benthic invertebrates,1
"Marmarik river, 0.5 km above Hankavan village",AM,40.66361,44.46603,ICP Waters,river chemistry,1
MATTHEW LAKE,CA,44.3281,-64.6831,ICP Waters,lake chemistry,1
Matts Creek,US,37.5995,-79.4135,ICP Waters,river chemistry,1
"Mayo, Glencullin, Mid Lake",IE,53.66436,-9.78788,ICP Waters,lake chemistry,1
MCGINTY LAKE,CA,44.36,-65.1608,ICP Waters,lake chemistry,1
Meadow Creek,US,37.8508,-79.0807,ICP Waters,river chemistry,1
Meadow Run,US,38.1587,-78.8059,ICP Waters,river chemistry,1
"Meghri river, 0.5 km above Meghri town",AM,38.91527,46.2337,ICP Waters,river chemistry,1
Meitsjøen,NO,60.38673,11.8105,ICP Waters,lake chemistry,1
Middle Branch Lake,US,43.69815,-75.1016,ICP Waters,lake chemistry,1
Middle Pond,US,44.33728,-74.37198,ICP Waters,lake chemistry,1
Middle Settlement Lake,US,43.68348,-75.10116,ICP Waters,lake chemistry,1
Mills Creek,US,37.9404,-79.0066,ICP Waters,river chemistry,1
Morgan Run,US,38.5249,-78.6645,ICP Waters,river chemistry,1
Morskie oko,PL,49.1978,20.0722,ICP Waters,lake chemistry,1
Mosjön,SE,58.99599,14.55777,ICP Waters,lake chemistry,1
Moss Lake,US,43.7814,-74.85299,ICP Waters,lake chemistry,1
Mossjön,SE,57.53461,13.94408,ICP Waters,lake chemistry,1
MOUNT TOM LAKE,CA,44.3681,-65.2997,ICP Waters,lake chemistry,1
Movatn,NO,61.97845,6.18334,ICP Waters,lake chemistry,1
MUD LAKE,CA,44.28,-65.2206,ICP Waters,lake chemistry,1
Mud Pond,US,44.633,-68.0908,ICP Waters,lake chemistry,1
Muddusälven - Hängbron stn 1,SE,66.76583,20.12492,ICP Waters,river chemistry;river benthic invertebrates,1
Murex,CA,47.09444,-77.14306,ICP Waters,lake chemistry,1
Muskrat Lake,US,43.63645,-74.73844,ICP Waters,lake chemistry,1
Myklevasselvi,NO,61.36089,6.14875,ICP Waters,river benthic invertebrates,1
Myklevatn,NO,59.05668,7.37327,ICP Waters,lake chemistry,1
Mäsen,SE,60.03273,15.67422,ICP Waters,lake chemistry,1
Mögesjön,SE,59.59372,11.8746,ICP Waters,lake chemistry,1
Najoua,CA,47.04167,-72.08333,ICP Waters,lake chemistry,1
Narrator Brook,UK,50.49923,-4.00195,ICP Waters,river chemistry;river benthic invertebrates,1
Nate Pond,US,43.8589,-74.09377,ICP Waters,lake chemistry,1
Nausta ved Espeland,NO,61.5772,5.89628,ICP Waters,river benthic invertebrates,1
Nausta ved Gamlestølen,NO,61.57854,5.94313,ICP Waters,river benthic invertebrates,1
Nausta ved Hamre,NO,61.57715,5.8318,ICP Waters,river benthic invertebrates,1
Nausta ved Hovstad,NO,61.54058,5.78577,ICP Waters,river benthic invertebrates,1
Nausta ved Naustdalsfossen,NO,61.51726,5.7217,ICP Waters,river benthic invertebrates,1
Nausta ved Ullaland,NO,61.56965,5.7928,ICP Waters,river benthic invertebrates,1
Navarn,SE,62.57395,16.72965,ICP Waters,lake chemistry,1
Nedre Furuvatn,NO,59.27289,8.84209,ICP Waters,lake chemistry,1
Nedstrøms Vonavatn,NO,61.60732,6.00573,ICP Waters,river benthic invertebrates,1
Neselvi,NO,61.41514,6.34655,ICP Waters,river benthic invertebrates,1
Newbert Pond,US,44.3364,-69.2711,ICP Waters,lake chemistry,1
Nižné Terianske pleso,SK,49.16966,20.01287,ICP Waters,lake chemistry,1
Nobusiness Creek,US,37.2396,-80.9189,ICP Waters,river chemistry,1
Nolette,CA,47.08333,-73.79167,ICP Waters,lake chemistry,1
North Branch Of Simpson Creek,US,37.8202,-79.6716,ICP Waters,river chemistry,1
North Fork Of Dry Run,US,38.6337,-78.3577,ICP Waters,river chemistry,1
North Fork Of Stony Creek (Lower),US,37.438,-80.5615,ICP Waters,river chemistry,1
North Fork Of Thornton River,US,38.693,-78.2741,ICP Waters,river chemistry,1
North Lake,US,43.52218,-74.94789,ICP Waters,lake chemistry,1
North River,US,38.4012,-79.2835,ICP Waters,river chemistry,1
"Nova Scotia, Beaverskin Lake",CA,44.305,-65.326,ICP Waters,lake chemistry,1
"Nova Scotia, Kejimkujik Lake",CA,44.38333,-65.25,ICP Waters,lake chemistry,1
"Nova Scotia, Little Red Lake",CA,44.337,-65.391,ICP Waters,lake chemistry,1
"Nova Scotia, Mountain Lake",CA,44.323,-65.258,ICP Waters,lake chemistry,1
NOWLIN LAKE,CA,44.9831,-62.3667,ICP Waters,lake chemistry,1
Nystølsvatn,NO,61.34251,6.45947,ICP Waters,lake chemistry,1
Nystølsvatnet litoral,NO,61.34384,6.46704,ICP Waters,lake benthic invertebrates,1
Nystølsvatnet utløp,NO,61.33509,6.43625,ICP Waters,river benthic invertebrates,1
"Oberpfälzer Wald, Waldnaab 8",DE,49.79213,12.4275,ICP Waters,river chemistry;river benthic invertebrates,1
Oberpfälzer Wald. Waldnaab 2,DE,49.76901,12.4223,ICP Waters,river chemistry;river benthic invertebrates,1
Ochre Hill Pond,CA,48.5025,-53.96389,ICP Waters,lake chemistry,1
Oddmunddalsvatnet,NO,60.53099,5.98198,ICP Waters,lake chemistry,1
"Odenwald, Rombach 4",DE,50.20556,8.43306,ICP Waters,river chemistry,1
"Odenwald, Schmerbach 1",DE,49.65778,8.88801,ICP Waters,river chemistry;river benthic invertebrates,1
"Odenwald, Schmerbach 3",DE,49.65533,8.887,ICP Waters,river chemistry;river benthic invertebrates,1
Oksevatn,NO,70.34729,30.88422,ICP Waters,lake chemistry,1
Old Lodge (Ashdown Sands),UK,51.046,0.07642,ICP Waters,river chemistry;river benthic invertebrates,1
"Ontario, Algoma Region, Batchawana",CA,47.06,-84.393,ICP Waters,lake chemistry,1
"Ontario, Algoma Region, Little Turkey",CA,47.041,-84.406,ICP Waters,lake chemistry,1
"Ontario, Algoma Region, Turkey",CA,47.05,-84.408,ICP Waters,lake chemistry,1
"Ontario, Algoma Region, Wishart",CA,47.041,-84.402,ICP Waters,lake chemistry,1
"Ontario, Lake 224",CA,49.658,-93.717,ICP Waters,lake chemistry,1
"Ontario, Lake 239",CA,49.707,-93.72,ICP Waters,lake chemistry,1
"Ontario, Lake 305",CA,49.689,-93.686,ICP Waters,lake chemistry,1
"Ontario, Lake 373",CA,49.74,-93.793,ICP Waters,lake chemistry,1
Otervatnet,NO,69.55033,30.78036,ICP Waters,lake chemistry,1
Otter Creek (Upper),US,37.6332,-79.34,ICP Waters,river chemistry,1
Otter Lake,US,43.18805,-74.5,ICP Waters,lake chemistry,1
Otter Lake Stream,US,43.18109,-74.5032,ICP Waters,river chemistry,1
Owen Pond,US,44.32327,-73.90304,ICP Waters,lake chemistry,1
Paine Run,US,38.1986,-78.7934,ICP Waters,river chemistry,1
"Pambak river, 0.5 km above Khnkoyan village",AM,40.83932,44.04891,ICP Waters,river chemistry,1
Panther Run,US,38.0192,-79.7607,ICP Waters,river chemistry,1
Paraseta,PL,53.77901,16.49428,ICP Waters,river chemistry,1
Partridge Pond,US,44.8605,-68.4037,ICP Waters,lake chemistry,1
PAUL MORRIS LAKE,CA,44.9464,-62.3597,ICP Waters,lake chemistry,1
PEBBLELOGGITCH LAKE,CA,44.3014,-65.3514,ICP Waters,lake chemistry,1
PESKAWA LAKE,CA,44.3178,-65.3622,ICP Waters,lake chemistry,1
PESKOWESK LAKE,CA,44.3167,-65.2828,ICP Waters,lake chemistry,1
Pesosjärvi,FI,66.2969,29.5083,ICP Waters,lake chemistry,1
"Piemonte, Lake di Mergozzo",IT,45.9535,8.45783,ICP Waters,lake chemistry,1
"Piemonte, Lake Paione Inferiore",IT,46.169,8.18767,ICP Waters,lake chemistry;lake benthic invertebrates,1
"Piemonte, Lake Paione Superiore",IT,46.17317,8.18767,ICP Waters,lake chemistry;lake benthic invertebrates,1
"Piemonte, River Cannobino",IT,46.068,8.69267,ICP Waters,river chemistry,1
"Piemonte, River Pellesino",IT,45.79167,8.38467,ICP Waters,river chemistry,1
"Piemonte, River Pellino",IT,45.8015,8.3865,ICP Waters,river chemistry,1
Pieni Hietajärvi,FI,63.1638,30.6929,ICP Waters,lake chemistry,1
PIERCE LAKE,CA,44.1192,-66.0969,ICP Waters,lake chemistry,1
Pine Swamp Branch,US,37.4215,-80.6049,ICP Waters,river chemistry,1
Piney River (Upper),US,38.7018,-78.2678,ICP Waters,river chemistry,1
Pipbäcken,SE,57.06623,12.78971,ICP Waters,river chemistry;river benthic invertebrates,1
Plastic,CA,45.1801,-78.8235,ICP Waters,lake chemistry,1
Poirier,CA,46.925,-76.775,ICP Waters,lake chemistry,1
Poort 2,NL,52.82941,6.4319,ICP Waters,lake chemistry,1
POPLAR LAKE,CA,44.3542,-65.4389,ICP Waters,lake chemistry,1
Porters Mill Creek,US,37.9744,-79.7716,ICP Waters,river chemistry,1
Pothier,CA,47.64167,-73.04167,ICP Waters,lake chemistry,1
"Quebec, Lac Bonneville",CA,47.273,-71.403,ICP Waters,lake chemistry,1
"Quebec, Lac Josselin",CA,47.367,-71.667,ICP Waters,lake chemistry,1
"Quebec, Lac Laflamme",CA,47.317,-71.117,ICP Waters,lake chemistry,1
"Quebec, Lac Macleod",CA,47.467,-70.973,ICP Waters,lake chemistry,1
"Quebec, Lac Veilleux",CA,47.39,-71.572,ICP Waters,lake chemistry,1
Queer Lake,US,43.80543,-74.8023,ICP Waters,lake chemistry,1
Raccoon Branch (Lower),US,36.7462,-81.4257,ICP Waters,river chemistry,1
Rachelsee,DE,48.97457,13.403,ICP Waters,lake chemistry;lake benthic invertebrates,1
Rammsjön,SE,56.76688,13.42761,ICP Waters,lake chemistry,1
Ramseys Draft (Middle),US,38.3159,-79.3536,ICP Waters,river chemistry,1
Raquette Lake Reservoir,US,43.79492,-74.6513,ICP Waters,lake chemistry,1
Rattle Pond,CA,48.51361,-53.82444,ICP Waters,lake chemistry,1
Rattsjön,SE,60.34442,12.9116,ICP Waters,lake chemistry,1
Ravens Run,US,38.3415,-79.6138,ICP Waters,river chemistry,1
Ravnsjøen,NO,59.40299,10.99898,ICP Waters,lake chemistry,1
Red Chalk Lake (Main),CA,45.19,-78.9486,ICP Waters,lake chemistry,1
Red Creek,US,36.9279,-81.8402,ICP Waters,river chemistry,1
Remmarsjön,SE,63.86781,18.26262,ICP Waters,lake chemistry;lake benthic invertebrates,1
Río Estena,ES,39.5626,-4.58582,ICP Waters,river chemistry,1
Río Manzanares,ES,40.76828,-3.95139,ICP Waters,river chemistry,1
"River Ahja, Kiidjärve",EE,58.145,26.977,ICP Waters,river chemistry,1
River Etherow,UK,53.49352,-1.827,ICP Waters,river chemistry;river benthic invertebrates,1
Roaring Fork (Lower),US,37.0353,-81.4805,ICP Waters,river chemistry,1
Roaring Fork (Upper),US,37.0532,-81.4344,ICP Waters,river chemistry,1
Roberts Creek,US,41.17,-78.4061,ICP Waters,river chemistry,1
ROCKY LAKE,CA,44.4831,-64.7331,ICP Waters,lake chemistry,1
Rondout Creek,US,41.9369,-74.375,ICP Waters,river chemistry,1
Rondvatnet litoral,NO,61.88145,9.79645,ICP Waters,lake benthic invertebrates,1
Rondvatnet utløp,NO,61.87593,9.79351,ICP Waters,river benthic invertebrates,1
Rose River,US,38.5155,-78.3668,ICP Waters,river chemistry,1
Rotehogstjärnen,SE,58.81395,11.6175,ICP Waters,lake chemistry;lake benthic invertebrates,1
"Rothaargebirge, Elberndorfer Bach",DE,50.99056,8.20075,ICP Waters,river chemistry;river benthic invertebrates,1
"Rothaargebirge, Zinse",DE,51.00058,8.20713,ICP Waters,river chemistry;river benthic invertebrates,1
ROUND LAKE,CA,45.0667,-62.3331,ICP Waters,lake chemistry,1
Round Loch of Glenhead,UK,55.09153,-4.43163,ICP Waters,lake chemistry;lake benthic invertebrates,1
Rowland Creek (Lower),US,36.7356,-81.5632,ICP Waters,river chemistry,1
Råtjern,NO,69.86885,29.1846,ICP Waters,lake chemistry,1
Røyravatnet,NO,59.54404,6.02466,ICP Waters,lake chemistry,1
Røyravatnet litoral,NO,59.54655,6.02299,ICP Waters,lake benthic invertebrates,1
Sagamore Lake,US,43.76605,-74.62837,ICP Waters,lake chemistry,1
Saint Marys River (Lower),US,37.9247,-79.1358,ICP Waters,river chemistry,1
Salcia Mare River,MD,45.8081,28.5375,ICP Waters,river chemistry,1
Salmon Pond,US,44.6314,-68.0861,ICP Waters,lake chemistry,1
SALMON RIVER BIG LAKE,CA,44.9833,-62.4167,ICP Waters,lake chemistry,1
Sandsjön,SE,59.34981,12.86741,ICP Waters,lake chemistry,1
Sandvatn,NO,58.68507,8.96203,ICP Waters,lake chemistry,1
Saudlandsvatnet,NO,58.204,6.76487,ICP Waters,lake chemistry,1
Saudlandsvatnet litoral,NO,58.20096,6.76674,ICP Waters,lake benthic invertebrates,1
Saudlandsvatnet utløp,NO,58.1995,6.76881,ICP Waters,river benthic invertebrates,1
Schaapsven,NL,51.55986,5.16016,ICP Waters,lake chemistry,1
Schwarzsee,CH,46.33608,8.50316,ICP Waters,lake chemistry,1
"Schwarzwald, Dürreychbach",DE,48.74952,8.44932,ICP Waters,river chemistry;river benthic invertebrates,1
"Schwarzwald, Goldersbach",DE,47.87849,8.05704,ICP Waters,river chemistry;river benthic invertebrates,1
"Schwarzwald, Kleine Kinzig Huettenhardt",DE,48.42112,8.36384,ICP Waters,river chemistry;river benthic invertebrates,1
Scoat Tarn,UK,54.48143,-3.30084,ICP Waters,lake chemistry;lake benthic invertebrates,1
Second Pond,US,44.7028,-68.5833,ICP Waters,lake chemistry,1
Sesava mouth,LV,56.63018,23.83071,ICP Waters,river chemistry,1
Shallow #3,CA,48.50417,-53.825,ICP Waters,lake chemistry,1
Shawvers Run,US,37.6153,-80.1776,ICP Waters,river chemistry,1
Shoe Creek,US,37.79,-79.1029,ICP Waters,river chemistry,1
Sierramjärvi,FI,69.1847,26.8978,ICP Waters,lake chemistry,1
Siggeforasjön,SE,59.97721,17.14589,ICP Waters,lake chemistry,1
Siikajärvi,FI,61.8102,24.2072,ICP Waters,lake chemistry,1
Simijärvi,FI,60.1677,23.5702,ICP Waters,lake chemistry,1
"Sisian river, 0.5 km above Sisian village",AM,39.40452,45.90581,ICP Waters,river chemistry,1
Skaidejavri,NO,69.94238,29.11388,ICP Waters,lake chemistry,1
Skakktjern,NO,59.89165,9.30735,ICP Waters,lake chemistry,1
Skammevatn,NO,59.21091,7.24252,ICP Waters,lake chemistry,1
Skardvatnet,NO,63.30043,8.77654,ICP Waters,lake chemistry,1
Skarvedalselvi,NO,61.34258,6.45442,ICP Waters,river benthic invertebrates,1
Skjerivatnet,NO,63.96347,10.56413,ICP Waters,lake chemistry,1
Skurevatn,NO,59.58859,7.5531,ICP Waters,lake chemistry,1
Skurvsjøen,NO,60.5669,11.65457,ICP Waters,lake chemistry,1
Skårdalsvattnet,SE,59.34461,11.94537,ICP Waters,lake chemistry,1
Skäravattnet,SE,56.324,14.37236,ICP Waters,lake chemistry,1
Skärgölen,SE,58.76182,16.23318,ICP Waters,lake chemistry,1
Slavkovské pleso,SK,49.1526,20.18326,ICP Waters,lake chemistry,1
"Sligo, Easky, Mid Lake",IE,54.15337,-8.85181,ICP Waters,lake chemistry,1
SNAKE LAKE,CA,44.3567,-65.2064,ICP Waters,lake chemistry,1
SNARE LAKE,CA,44.1056,-65.9756,ICP Waters,lake chemistry,1
Sochia Pond,US,44.35282,-74.29424,ICP Waters,lake chemistry,1
Sognevatn,NO,58.31627,7.67542,ICP Waters,lake chemistry,1
Songsjøen litoral,NO,63.31859,9.67477,ICP Waters,lake benthic invertebrates,1
Songsjøen utløp,NO,63.31791,9.67507,ICP Waters,river benthic invertebrates,1
Sonnanen,FI,61.2944,26.4147,ICP Waters,lake chemistry,1
South Lake (East Branch),US,43.50877,-74.88168,ICP Waters,lake chemistry,1
Spjutsjön,SE,60.64307,15.43698,ICP Waters,lake chemistry,1
Squash Pond,US,43.82557,-74.88614,ICP Waters,lake chemistry,1
Squash Pond Stream,US,43.8217,-74.88246,ICP Waters,river chemistry,1
St. Gloppsjön,SE,59.81381,14.6212,ICP Waters,lake chemistry,1
St.Valvatnet,NO,69.69498,30.65621,ICP Waters,lake chemistry,1
Stamford Pond,US,42.8222,-73.0653,ICP Waters,lake chemistry,1
Starolesnianske pleso,SK,49.18013,20.16669,ICP Waters,lake chemistry,1
Staunton River,US,38.4446,-78.3708,ICP Waters,river chemistry,1
Stavsvatn,NO,59.63188,8.11375,ICP Waters,lake chemistry,1
Steinavatn,NO,59.85988,6.57878,ICP Waters,lake chemistry,1
Stensjön,SE,61.64325,16.58541,ICP Waters,lake chemistry;lake benthic invertebrates,1
Stigebottsvatn,NO,58.75758,7.31465,ICP Waters,lake chemistry,1
Stone Creek,US,41.0978,-78.4467,ICP Waters,river chemistry,1
Stora Envättern,SE,59.11666,17.34495,ICP Waters,lake chemistry;lake benthic invertebrates,1
Stora Lummersjön,SE,58.11455,14.10372,ICP Waters,lake chemistry,1
Stora Skärsjön,SE,56.67479,13.07081,ICP Waters,lake chemistry,1
Stora Skärsjön,SE,57.16348,14.50998,ICP Waters,lake chemistry;lake benthic invertebrates,1
Storasjö,SE,56.944,15.27522,ICP Waters,lake chemistry;lake benthic invertebrates,1
Storbørja,NO,60.09129,11.92742,ICP Waters,lake chemistry,1
Store Eitlandsvatn,NO,58.49445,6.73528,ICP Waters,lake chemistry,1
Store Lyseren,NO,59.77566,11.77319,ICP Waters,lake chemistry,1
Stor-En,SE,59.919,13.41473,ICP Waters,lake chemistry,1
Storgama v. dam,NO,59.05233,8.65361,ICP Waters,lake chemistry,1
Storgåsvatnet,NO,65.056,13.172,ICP Waters,lake chemistry,1
Stormyrbäcken,SE,62.25943,16.26798,ICP Waters,river chemistry;river benthic invertebrates,1
Storsjön,SE,62.54185,17.68152,ICP Waters,lake chemistry,1
Stor-Tjulträsket,SE,65.9599,16.00145,ICP Waters,lake chemistry,1
Stortjønna litoral,NO,61.98152,10.76045,ICP Waters,lake benthic invertebrates,1
Stortjønna utløp,NO,61.98141,10.76141,ICP Waters,river benthic invertebrates,1
Storvatn,NO,68.054,13.35,ICP Waters,lake chemistry,1
"Stratton, Vermont",US,43.1042,-72.9694,ICP Waters,lake chemistry,1
Štvrté Rohácske pleso,SK,49.20589,19.73576,ICP Waters,lake chemistry,1
"Sucker, Vermont",US,42.825,-73.1292,ICP Waters,lake chemistry,1
Sunday Pond,US,44.34609,-74.30065,ICP Waters,lake chemistry,1
Sunset Lake,US,42.9194,-72.6833,ICP Waters,lake chemistry,1
Suopalampi,FI,67.0655,26.0946,ICP Waters,lake chemistry,1
Svartdalsvatnet,NO,62.27193,8.84009,ICP Waters,lake chemistry,1
Svartdalsvatnet litoral,NO,62.26977,8.84312,ICP Waters,lake benthic invertebrates,1
Svartdalsvatnet utløp,NO,62.26987,8.83928,ICP Waters,river benthic invertebrates,1
Svartetjernet,NO,60.83106,5.56835,ICP Waters,lake chemistry,1
Svinarydsjön,SE,56.17362,14.94058,ICP Waters,lake chemistry,1
"Sächsische Tieflandsbucht, Ettelsbach",DE,51.11796,12.75999,ICP Waters,river chemistry;river benthic invertebrates,1
"Sächsische Tieflandsbucht, Heidelbach",DE,51.432,12.92624,ICP Waters,river chemistry;river benthic invertebrates,1
Sännen,SE,56.32072,15.36868,ICP Waters,lake chemistry,1
Södra Bergsjön,SE,63.64848,17.36467,ICP Waters,lake chemistry,1
Takkajärvi,FI,64.9526,28.2152,ICP Waters,lake chemistry,1
Taksteinsbekken,NO,59.56608,6.02388,ICP Waters,river benthic invertebrates,1
"Taunus, Rombach 2",DE,50.20928,8.43326,ICP Waters,river chemistry;river benthic invertebrates,1
"Taunus, Rombach 3",DE,50.20483,8.43617,ICP Waters,river chemistry;river benthic invertebrates,1
TEDFORD LAKE,CA,44.1,-66.0167,ICP Waters,lake chemistry,1
Tennvatn,NO,67.5938,15.48789,ICP Waters,lake chemistry,1
Tervete,LV,56.47886,23.38446,ICP Waters,river chemistry,1
Thibert,CA,46.65,-73.16667,ICP Waters,lake chemistry,1
Thomas,CA,47.88133,-70.2375,ICP Waters,lake chemistry,1
Tilden Pond,US,44.6347,-68.0722,ICP Waters,lake chemistry,1
Tjøremovatn/Tjurrmovatn,NO,59.0769,7.44732,ICP Waters,lake chemistry,1
Tomeshultagölen,SE,56.74008,15.40904,ICP Waters,lake chemistry,1
Træla,NO,61.54506,5.78736,ICP Waters,river benthic invertebrates,1
TREFRY LAKE,CA,43.8353,-66.0439,ICP Waters,lake chemistry,1
Triquet,CA,47.13222,-78.18556,ICP Waters,lake chemistry,1
Trodøla,NO,61.57833,5.94185,ICP Waters,river benthic invertebrates,1
Troldevatnet,NO,58.22933,6.99234,ICP Waters,lake chemistry,1
Trollselvatn,NO,58.54861,7.20612,ICP Waters,lake chemistry,1
Truite-Rouge,CA,46.15,-74.08333,ICP Waters,lake chemistry,1
Tufsingen,NO,62.61229,11.87656,ICP Waters,lake chemistry,1
"Tulija,  Zoseni",LV,57.1361,25.9036,ICP Waters,river chemistry,1
"Tunk Lake, Maine",US,44.5986,-68.0592,ICP Waters,lake chemistry,1
Tvällen,SE,60.02896,12.61533,ICP Waters,lake chemistry,1
Tväringen,SE,62.24117,15.69404,ICP Waters,lake chemistry;lake benthic invertebrates,1
Twomile Run,US,38.3339,-78.6712,ICP Waters,river chemistry,1
Tängersjö,SE,57.46351,16.03495,ICP Waters,lake chemistry,1
Uhlirska,CZ,50.8167,15.1333,ICP Waters,river chemistry;river benthic invertebrates,1
Ulekristasjavri,NO,69.53188,29.44757,ICP Waters,lake chemistry,1
Ulvsjön,SE,59.61236,12.30026,ICP Waters,lake chemistry,1
Unnamed,CA,49.59667,-57.73333,ICP Waters,lake chemistry,1
Unnamed,CA,49.43722,-57.53167,ICP Waters,lake chemistry,1
Unnamed,CA,49.46083,-57.525,ICP Waters,lake chemistry,1
Unnamed,CA,49.56222,-57.72639,ICP Waters,lake chemistry,1
Unnamed #2,CA,48.54972,-53.84972,ICP Waters,lake chemistry,1
UPPER SILVER LAKE,CA,44.2828,-65.2467,ICP Waters,lake chemistry,1
Utløp Røyravatnet,NO,59.54302,5.99982,ICP Waters,river benthic invertebrates,1
Valasjön,SE,63.00477,17.47876,ICP Waters,lake chemistry,1
Valkea-Kotinen,FI,61.2423,25.0634,ICP Waters,lake chemistry,1
"Vararak river, 5 km above Goris town",AM,39.52872,46.3208,ICP Waters,river chemistry,1
Vasikkajärvi,FI,67.117,26.0844,ICP Waters,lake chemistry,1
Vaulavatn,NO,59.82613,6.36532,ICP Waters,lake chemistry,1
Ved innløp Byttevatn,NO,61.33569,6.35805,ICP Waters,river benthic invertebrates,1
Vedeggio,CH,46.12917,8.99,ICP Waters,river chemistry,1
"Vedi river, 0.5 km above Urtsadzor village",AM,39.92117,44.81965,ICP Waters,river chemistry,1
Velké Hincovo pleso,SK,49.17917,20.05904,ICP Waters,lake chemistry,1
Verzasca,CH,46.35667,8.7925,ICP Waters,river chemistry,1
Vikedalselv nedstr. Fjellgardssvatn,NO,59.54897,5.99821,ICP Waters,river benthic invertebrates,1
Vikedalselv utløp Fjellgardssvatn,NO,59.55499,5.99818,ICP Waters,river benthic invertebrates,1
Vikedalselv ved Fjellgardsvatn,NO,59.57017,6.05242,ICP Waters,river benthic invertebrates,1
Vitsjön,FI,59.9634,23.3158,ICP Waters,lake chemistry,1
"Vorotan river, 0.5 km  above Gorayk village",AM,39.68972,45.77689,ICP Waters,river chemistry,1
Vrången,SE,57.22494,15.18095,ICP Waters,lake chemistry,1
Vuoskojärvi,FI,69.7426,26.9499,ICP Waters,lake chemistry,1
Vyšné Satanie pliesko,SK,49.17006,20.06079,ICP Waters,lake chemistry,1
Vyšné Terianske pleso,SK,49.16774,20.02059,ICP Waters,lake chemistry,1
Vyšné Wahlenbergovo pleso,SK,49.16383,20.02567,ICP Waters,lake chemistry,1
Vågsjöarna,SE,59.80028,13.56238,ICP Waters,lake chemistry,1
Väster-Rännöbodsjön,SE,62.33055,16.96687,ICP Waters,lake chemistry,1
War Spur Branch (Upper),US,37.3972,-80.4745,ICP Waters,river chemistry,1
"West Branch Neversink River at Winnisook, Catskills",US,42.0111,-74.4147,ICP Waters,river chemistry,1
West Pond,US,43.81189,-74.88296,ICP Waters,lake chemistry,1
West Pond Stream,US,43.81358,-74.88347,ICP Waters,river chemistry,1
White Oak Canyon Run (Lower),US,38.5411,-78.3501,ICP Waters,river chemistry,1
White Oak Run (Lower),US,38.2508,-78.7485,ICP Waters,river chemistry,1
"Wicklow, Dan, Mid Lake",IE,53.06886,-6.27873,ICP Waters,lake chemistry,1
"Wicklow, Glendalough, Lake Upper, Inflow 1",IE,53.00505,-6.37523,ICP Waters,river chemistry,1
"Wicklow, Glendalough, Lake Upper, Inflow 2",IE,53.00473,-6.34618,ICP Waters,river chemistry,1
"Wicklow, Glendalough, Lake Upper, Mid Lake",IE,53.00405,-6.35478,ICP Waters,lake chemistry,1
Wielki Staw,PL,50.75801,15.6968,ICP Waters,lake chemistry,1
Wiley Pond,US,46.0011,-68.5406,ICP Waters,lake chemistry,1
Willis Lake,US,43.37029,-74.24624,ICP Waters,lake chemistry,1
Willys Lake,US,43.96821,-74.95708,ICP Waters,lake chemistry,1
Windfall Pond,US,43.80497,-74.83077,ICP Waters,lake chemistry,1
Windfall Pond Stream,US,43.80395,-74.84911,ICP Waters,river chemistry,1
Wolf Run,US,38.4296,-79.1399,ICP Waters,river chemistry,1
Wolfsputven,NL,51.57549,5.2198,ICP Waters,lake chemistry,1
Woods Lake,US,43.86566,-74.95512,ICP Waters,lake chemistry,1
"Wyzni Mnichowy Stawek, Najwiekszy (IX)",PL,49.19417,20.05366,ICP Waters,lake chemistry,1
Zielony Staw Gasienicowy,PL,49.22931,19.99774,ICP Waters,lake chemistry,1
"Zvirbuli stream, hydrosite",LV,56.91194,23.45444,ICP Waters,river chemistry,1
Åmotselvi,NO,61.36238,5.72287,ICP Waters,river benthic invertebrates,1
Årøyelva,NO,61.33883,5.72781,ICP Waters,river benthic invertebrates,1
Älgarydssjön,SE,57.18042,14.27223,ICP Waters,lake chemistry,1
Älänne,FI,63.7268,28.2352,ICP Waters,lake chemistry,1
Ämten,SE,59.94946,12.58875,ICP Waters,lake chemistry,1
Öjsjön,SE,58.17805,16.22229,ICP Waters,lake chemistry,1
Ölsjön,SE,59.64412,15.12905,ICP Waters,lake chemistry,1
Örsjön,SE,56.28136,14.68275,ICP Waters,lake chemistry,1
Örvattnet,SE,59.73231,12.7541,ICP Waters,lake chemistry,1
Översjön,SE,59.89375,13.33001,ICP Waters,lake chemistry,1
Överudssjön,SE,59.40382,12.99789,ICP Waters,lake chemistry,1
Övre Skärsjön,SE,59.84674,15.54798,ICP Waters,lake chemistry;lake benthic invertebrates,1
Øygardsbekken,NO,58.62193,6.10641,ICP Waters,river chemistry,1
Øyvannet (Store),NO,59.63503,10.10481,ICP Waters,lake chemistry,1
